timestamp, utc_seconds, utc_nano, q1, q2, q3, sunAz, sunAlt, qw, qx, qy, qz, sx, sy, sb, tx, ty, rx, ry, rz, ax, ay, az, cqw, cqx, cqy, cqz, imuT, imuP, imuLat, imuLon, hMin, hMax, hScale, j3_ch1_1x, j3_ch2_1x, j3_ch3_1x, j3_ch4_1x, j3_ch5_1x, t3
2025-07-15 08:40:48.309535970, 0, 0, 0, 0, 0, 0, 0, 0, 0, 0, 0, 0, 0, 0, 0, 0, 0, 0, 0, 0, 0, 0, 0, 0, 0, 0, 0, 0, 0, 0, 0, 0, 0, 0, 0, 0, 0, 0, -3.25561e-19
2025-07-15 08:40:48.329561806, 0, 0, 0, 0, 0, 0, 0, 0, 0, 0, 0, 0, 0, 0, 0, 0, 0, 0, 0, 0, 0, 0, 0, 0, 0, 0, 0, 0, 0, 0, 0, 0, 0, 0, 0, 0, 0, 0, -3.25561e-19
2025-07-15 08:40:48.349585026, 0, 0, 0, 0, 0, 0, 0, -0.459656, 0.0238573, -0.0660662, -0.885315, 0, 0, 0, 0, 0, 0.00629816, -0.00742339, 0.00150185, -0.0102733, -0.00260153, 0.0214796, 0, 0, 0, 0, 0, 0, 0, 0, 0, 0, 0, 0, 0, 0, 0, 0, -3.25561e-19
2025-07-15 08:40:48.369613161, 0, 0, 0, 0, 0, 0, 0, -0.459656, 0.0238573, -0.0660662, -0.885315, 0, 0, 0, 0, 0, 0.00629816, -0.00742339, 0.00150185, -0.0102733, -0.00260153, 0.0214796, 0, 0, 0, 0, 0, 0, 0, 0, 0, 0, 0, 0, 0, 0, 0, 0, -3.25561e-19
2025-07-15 08:40:48.389594739, 0, 0, 0, 0, 0, 0, 0, -0.459656, 0.0238573, -0.0660662, -0.885315, 0, 0, 0, 0, 0, 0.00629816, -0.00742339, 0.00150185, -0.0102733, -0.00260153, 0.0214796, 0, 0, 0, 0, 0, 0, 0, 0, 0, 0, 0, 0, 0, 0, 0, 0, -3.25561e-19
2025-07-15 08:40:48.409575066, 0, 0, 0, 0, 0, 0, 0, -0.459656, 0.0238573, -0.0660662, -0.885315, 0, 0, 0, 0, 0, 0.00629816, -0.00742339, 0.00150185, -0.0102733, -0.00260153, 0.0214796, 0, 0, 0, 0, 0, 0, 0, 0, 0, 0, 0, 0, 0, 0, 0, 0, -3.25561e-19
2025-07-15 08:40:48.429572331, 0, 0, 0, 0, 0, 0, 0, -0.459754, 0.0238648, -0.0660679, -0.885264, 0, 0, 0, 0, 0, 0.00564773, -0.00710562, 0.00139829, -0.00541274, 5.37839e-05, 0.0301733, 0, 0, 0, 0, 0, 0, 0, 0, 0, 0, 0, 0, 0, 0, 0, 0, -3.25561e-19
2025-07-15 08:40:48.449695921, 0, 0, 0, 0, 0, 0, 0, -0.459754, 0.0238648, -0.0660679, -0.885264, 0, 0, 0, 0, 0, 0.00564773, -0.00710562, 0.00139829, -0.00541274, 5.37839e-05, 0.0301733, 0, 0, 0, 0, 0, 0, 0, 0, 0, 0, 0, 0, 0, 0, 0, 0, -3.25561e-19
2025-07-15 08:40:48.469664461, 0, 0, 0, 0, 0, 0, 0, -0.459754, 0.0238648, -0.0660679, -0.885264, 0, 0, 0, 0, 0, 0.00564773, -0.00710562, 0.00139829, -0.00541274, 5.37839e-05, 0.0301733, 0, 0, 0, 0, 0, 0, 0, 0, 0, 0, 0, 0, 0, 0, 0, 0, -3.25561e-19
2025-07-15 08:40:48.489657983, 0, 0, 0, 0, 0, 0, 0, -0.459826, 0.0238797, -0.0660756, -0.885225, 0, 0, 0, 0, 0, 0.00574049, -0.00685491, 0.0014646, -0.00981781, 0.00764711, 0.0225983, 0, 0, 0, 0, 0, 0, 0, 0, 0, 0, 0, 0, 0, 0, 0, 0, -3.25561e-19
2025-07-15 08:40:48.509648246, 0, 0, 0, 0, 0, 0, 0, -0.459826, 0.0238797, -0.0660756, -0.885225, 0, 0, 0, 0, 0, 0.00574049, -0.00685491, 0.0014646, -0.00981781, 0.00764711, 0.0225983, 0, 0, 0, 0, 0, 0, 0, 0, 0, 0, 0, 0, 0, 0, 0, 0, -3.25561e-19
2025-07-15 08:40:48.529598388, 0, 0, 0, 0, 0, 0, 0, -0.459826, 0.0238797, -0.0660756, -0.885225, 0, 0, 0, 0, 0, 0.00574049, -0.00685491, 0.0014646, -0.00981781, 0.00764711, 0.0225983, 0, 0, 0, 0, 0, 0, 0, 0, 0, 0, 0, 0, 0, 0, 0, 0, -3.25561e-19
2025-07-15 08:40:48.549630308, 1752594048, 538638676, 0, 0, 0, 0, 0, -0.459898, 0.0238875, -0.0660706, -0.885188, 0, 0, 0, 0, 0, 0.00550393, -0.00728406, 0.00181701, -0.0134864, 0.00331297, 0.0219669, 0, 0, 0, 0, 0, 0, 0, 0, 0, 0, 0, 0, 0, 0, 0, 0, -3.25561e-19
2025-07-15 08:40:48.569674707, 1752594048, 538638676, 0, 0, 0, 0, 0, -0.459898, 0.0238875, -0.0660706, -0.885188, 0, 0, 0, 0, 0, 0.00550393, -0.00728406, 0.00181701, -0.0134864, 0.00331297, 0.0219669, 0, 0, 0, 0, 0, 0, 0, 0, 0, 0, 0, 0, 0, 0, 0, 0, -3.25561e-19
2025-07-15 08:40:48.589676784, 1752594048, 538638676, 0, 0, 0, 0, 0, -0.459898, 0.0238875, -0.0660706, -0.885188, 0, 0, 0, 0, 0, 0.00550393, -0.00728406, 0.00181701, -0.0134864, 0.00331297, 0.0219669, 0, 0, 0, 0, 0, 0, 0, 0, 0, 0, 0, 0, 0, 0, 0, 0, -3.25561e-19
2025-07-15 08:40:48.609626248, 1752594048, 538638676, 0, 0, 0, 0, 0, -0.459898, 0.0238875, -0.0660706, -0.885188, 0, 0, 0, 0, 0, 0.00550393, -0.00728406, 0.00181701, -0.0134864, 0.00331297, 0.0219669, 0, 0, 0, 0, 0, 0, 0, 0, 0, 0, 0, 0, 0, 0, 0, 0, -3.25561e-19
2025-07-15 08:40:48.629670447, 1752594048, 538638676, 0, 0, 0, 0, 0, -0.459989, 0.0238906, -0.0660498, -0.885143, 0, 0, 0, 0, 0, 0.00544507, -0.00722557, 0.00171196, -0.00362097, 0.00548828, 0.0375032, 0, 0, 0, 0, 0, 0, 0, 0, 0, 0, 0, 0, 0, 0, 0, 0, -3.25561e-19
2025-07-15 08:40:48.649667953, 1752594048, 538638676, 0, 0, 0, 0, 0, -0.459989, 0.0238906, -0.0660498, -0.885143, 0, 0, 0, 0, 0, 0.00544507, -0.00722557, 0.00171196, -0.00362097, 0.00548828, 0.0375032, 0, 0, 0, 0, 0, 0, 0, 0, 0, 0, 0, 0, 0, 0, 0, 0, -3.25561e-19
2025-07-15 08:40:48.669668731, 1752594048, 538638676, 0, 0, 0, 0, 0, -0.459989, 0.0238906, -0.0660498, -0.885143, 0, 0, 0, 0, 0, 0.00544507, -0.00722557, 0.00171196, -0.00362097, 0.00548828, 0.0375032, 0, 0, 0, 0, 0, 0, 0, 0, 0, 0, 0, 0, 0, 0, 0, 0, -3.25561e-19
2025-07-15 08:40:48.689606022, 1752594048, 538638676, 0, 0, 0, 0, 0, -0.460071, 0.0239057, -0.0660536, -0.885099, 0, 0, 0, 0, 0, 0.00533517, -0.00702925, 0.000968017, -0.00959459, -0.000217557, 0.0293779, 0, 0, 0, 0, 0, 0, 0, 0, 0, 0, 0, 0, 0, 0, 0, 0, -3.25561e-19
2025-07-15 08:40:48.709642298, 1752594048, 538638676, 0, 0, 0, 0, 0, -0.460071, 0.0239057, -0.0660536, -0.885099, 0, 0, 0, 0, 0, 0.00533517, -0.00702925, 0.000968017, -0.00959459, -0.000217557, 0.0293779, 0, 0, 0, 0, 0, 0, 0, 0, 0, 0, 0, 0, 0, 0, 0, 0, -3.25561e-19
2025-07-15 08:40:48.729668786, 1752594048, 538638676, 0, 0, 0, 0, 0, -0.460071, 0.0239057, -0.0660536, -0.885099, 0, 0, 0, 0, 0, 0.00533517, -0.00702925, 0.000968017, -0.00959459, -0.000217557, 0.0293779, 0, 0, 0, 0, 0, 0, 0, 0, 0, 0, 0, 0, 0, 0, 0, 0, -3.25561e-19
2025-07-15 08:40:48.749666973, 1752594048, 538638676, 0, 0, 0, 0, 0, -0.460071, 0.0239057, -0.0660536, -0.885099, 0, 0, 0, 0, 0, 0.00533517, -0.00702925, 0.000968017, -0.00959459, -0.000217557, 0.0293779, 0, 0, 0, 0, 0, 0, 0, 0, 0, 0, 0, 0, 0, 0, 0, 0, -3.25561e-19
2025-07-15 08:40:48.769714910, 1752594048, 538638676, 0, 0, 0, 0, 0, -0.460162, 0.0239179, -0.0660536, -0.885051, 0, 0, 0, 0, 0, 0.00586768, -0.00728259, 0.00171104, -0.00202545, 0.00971226, 0.0151577, 0, 0, 0, 0, 0, 0, 0, 0, 0, 0, 0, 0, 0, 0, 0, 0, -3.25561e-19
2025-07-15 08:40:48.789656648, 1752594048, 538638676, 0, 0, 0, 0, 0, -0.460162, 0.0239179, -0.0660536, -0.885051, 0, 0, 0, 0, 0, 0.00586768, -0.00728259, 0.00171104, -0.00202545, 0.00971226, 0.0151577, 0, 0, 0, 0, 0, 0, 0, 0, 0, 0, 0, 0, 0, 0, 0, 0, -3.25561e-19
2025-07-15 08:40:48.809427404, 1752594048, 538638676, 0, 0, 0, 0, 0, -0.460162, 0.0239179, -0.0660536, -0.885051, 0, 0, 0, 0, 0, 0.00586768, -0.00728259, 0.00171104, -0.00202545, 0.00971226, 0.0151577, 0, 0, 0, 0, 0, 0, 0, 0, 0, 0, 0, 0, 0, 0, 0, 0, -3.25561e-19
2025-07-15 08:40:48.829668436, 1752594048, 808940289, 0, 0, 0, 0, 0, -0.460241, 0.0239191, -0.0660528, -0.88501, 0, 0, 0, 0, 0, 0.00523459, -0.00689216, 0.000992231, -0.0045653, 0.014488, 0.0362644, 0, 0, 0, 0, 0, 0, 0, 0, 0, 0, 0, 0, 0, 0, 0, 0, -3.25561e-19
2025-07-15 08:40:48.849667908, 1752594048, 808940289, 0, 0, 0, 0, 0, -0.460241, 0.0239191, -0.0660528, -0.88501, 0, 0, 0, 0, 0, 0.00523459, -0.00689216, 0.000992231, -0.0045653, 0.014488, 0.0362644, 0, 0, 0, 0, 0, 0, 0, 0, 0, 0, 0, 0, 0, 0, 0, 0, -3.25561e-19
2025-07-15 08:40:48.869667625, 1752594048, 808940289, 0, 0, 0, 0, 0, -0.460241, 0.0239191, -0.0660528, -0.88501, 0, 0, 0, 0, 0, 0.00523459, -0.00689216, 0.000992231, -0.0045653, 0.014488, 0.0362644, 0, 0, 0, 0, 0, 0, 0, 0, 0, 0, 0, 0, 0, 0, 0, 0, -3.25561e-19
2025-07-15 08:40:48.889600429, 1752594048, 808940289, 0, 0, 0, 0, 0, -0.460321, 0.0239231, -0.066047, -0.884969, 0, 0, 0, 0, 0, 0.00616331, -0.00790991, 0.000513531, -0.00705229, 0.00494008, 0.0244865, 0, 0, 0, 0, 0, 0, 0, 0, 0, 0, 0, 0, 0, 0, 0, 0, -3.25561e-19
2025-07-15 08:40:48.909574897, 1752594048, 808940289, 0, 0, 0, 0, 0, -0.460321, 0.0239231, -0.066047, -0.884969, 0, 0, 0, 0, 0, 0.00616331, -0.00790991, 0.000513531, -0.00705229, 0.00494008, 0.0244865, 0, 0, 0, 0, 0, 0, 0, 0, 0, 0, 0, 0, 0, 0, 0, 0, -3.25561e-19
2025-07-15 08:40:48.929690660, 1752594048, 808940289, 0, 0, 0, 0, 0, -0.460321, 0.0239231, -0.066047, -0.884969, 0, 0, 0, 0, 0, 0.00616331, -0.00790991, 0.000513531, -0.00705229, 0.00494008, 0.0244865, 0, 0, 0, 0, 0, 0, 0, 0, 0, 0, 0, 0, 0, 0, 0, 0, -3.25561e-19
2025-07-15 08:40:48.949540791, 1752594048, 808940289, 0, 0, 0, 0, 0, -0.460401, 0.0239277, -0.0660543, -0.884927, 0, 0, 0, 0, 0, 0.0056522, -0.007613, 0.00122059, -0.00430397, 0.00487999, 0.0256338, 0, 0, 0, 0, 45.7109, 101288, 37.4198, -122.057, 0, 0, 0, 0, 0, 0, 0, 0, -3.25561e-19
2025-07-15 08:40:48.969584369, 1752594048, 808940289, 0, 0, 0, 0, 0, -0.460401, 0.0239277, -0.0660543, -0.884927, 0, 0, 0, 0, 0, 0.0056522, -0.007613, 0.00122059, -0.00430397, 0.00487999, 0.0256338, 0, 0, 0, 0, 45.7109, 101288, 37.4198, -122.057, 0, 0, 0, 0, 0, 0, 0, 0, -3.25561e-19
2025-07-15 08:40:48.989584225, 1752594048, 808940289, 0, 0, 0, 0, 0, -0.460401, 0.0239277, -0.0660543, -0.884927, 0, 0, 0, 0, 0, 0.0056522, -0.007613, 0.00122059, -0.00430397, 0.00487999, 0.0256338, 0, 0, 0, 0, 45.7109, 101288, 37.4198, -122.057, 0, 0, 0, 0, 0, 0, 0, 0, -3.25561e-19
2025-07-15 08:40:49.009710122, 1752594048, 808940289, 0, 0, 0, 0, 0, -0.460401, 0.0239277, -0.0660543, -0.884927, 0, 0, 0, 0, 0, 0.0056522, -0.007613, 0.00122059, -0.00430397, 0.00487999, 0.0256338, 0, 0, 0, 0, 45.7109, 101288, 37.4198, -122.057, 0, 0, 0, 0, 0, 0, 0, 0, -3.25561e-19
2025-07-15 08:40:49.029664158, 1752594048, 808940289, 0, 0, 0, 0, 0, -0.460499, 0.0239276, -0.0660508, -0.884876, 0, 0, 0, 0, 0, 0.0064915, -0.00745654, 0.000453554, -0.00922681, 0.00956799, 0.0203409, 0, 0, 0, 0, 45.7109, 101288, 37.4198, -122.057, 0, 0, 0, 0, 0, 0, 0, 0, -3.25561e-19
2025-07-15 08:40:49.049644263, 1752594048, 808940289, 0, 0, 0, 0, 0, -0.460499, 0.0239276, -0.0660508, -0.884876, 0, 0, 0, 0, 0, 0.0064915, -0.00745654, 0.000453554, -0.00922681, 0.00956799, 0.0203409, 0, 0, 0, 0, 45.7109, 101288, 37.4198, -122.057, 0, 0, 0, 0, 0, 0, 0, 0, -3.25561e-19
2025-07-15 08:40:49.069434109, 1752594048, 808940289, 0, 0, 0, 0, 0, -0.460499, 0.0239276, -0.0660508, -0.884876, 0, 0, 0, 0, 0, 0.0064915, -0.00745654, 0.000453554, -0.00922681, 0.00956799, 0.0203409, 0, 0, 0, 0, 45.7109, 101288, 37.4198, -122.057, 0, 0, 0, 0, 0, 0, 0, 0, -3.25561e-19
2025-07-15 08:40:49.089523312, 1752594049, 68922893, 0, 0, 0, 0, 0, -0.460592, 0.0239431, -0.0660388, -0.884828, 0, 0, 0, 0, 0, 0.00619236, -0.00742935, 0.000966527, -0.0106838, 0.00590323, 0.0381346, 0, 0, 0, 0, 45.7109, 101288, 37.4198, -122.057, 0, 0, 0, 0, 0, 0, 0, 0, -3.25561e-19
2025-07-15 08:40:49.109636530, 1752594049, 68922893, 0, 0, 0, 0, 0, -0.460592, 0.0239431, -0.0660388, -0.884828, 0, 0, 0, 0, 0, 0.00619236, -0.00742935, 0.000966527, -0.0106838, 0.00590323, 0.0381346, 0, 0, 0, 0, 45.7109, 101288, 37.4198, -122.057, 0, 0, 0, 0, 0, 0, 0, 0, -3.25561e-19
2025-07-15 08:40:49.129635970, 1752594049, 68922893, 0, 0, 0, 0, 0, -0.460592, 0.0239431, -0.0660388, -0.884828, 0, 0, 0, 0, 0, 0.00619236, -0.00742935, 0.000966527, -0.0106838, 0.00590323, 0.0381346, 0, 0, 0, 0, 45.7109, 101288, 37.4198, -122.057, 0, 0, 0, 0, 0, 0, 0, 0, -3.25561e-19
2025-07-15 08:40:49.149671869, 1752594049, 68922893, 0, 0, 0, 0, 0, -0.460671, 0.0239497, -0.0660478, -0.884786, 0, 0, 0, 0, 0, 0.00473317, -0.00709556, 0.00118818, -0.00217916, 0.0119149, 0.027277, 0, 0, 0, 0, 45.7109, 101288, 37.4198, -122.057, 0, 0, 0, 0, 0, 0, 0, 0, -3.25561e-19
2025-07-15 08:40:49.169672237, 1752594049, 68922893, 0, 0, 0, 0, 0, -0.460671, 0.0239497, -0.0660478, -0.884786, 0, 0, 0, 0, 0, 0.00473317, -0.00709556, 0.00118818, -0.00217916, 0.0119149, 0.027277, 0, 0, 0, 0, 45.7109, 101288, 37.4198, -122.057, 0, 0, 0, 0, 0, 0, 0, 0, -3.25561e-19
2025-07-15 08:40:49.189674614, 1752594049, 68922893, 0, 0, 0, 0, 0, -0.460671, 0.0239497, -0.0660478, -0.884786, 0, 0, 0, 0, 0, 0.00473317, -0.00709556, 0.00118818, -0.00217916, 0.0119149, 0.027277, 0, 0, 0, 0, 45.7109, 101288, 37.4198, -122.057, 0, 0, 0, 0, 0, 0, 0, 0, -3.25561e-19
2025-07-15 08:40:49.209634798, 1752594049, 68922893, 0, 0, 0, 0, 0, -0.460671, 0.0239497, -0.0660478, -0.884786, 0, 0, 0, 0, 0, 0.00473317, -0.00709556, 0.00118818, -0.00217916, 0.0119149, 0.027277, 0, 0, 0, 0, 45.7109, 101288, 37.4198, -122.057, 0, 0, 0, 0, 0, 0, 0, 0, -3.25561e-19
2025-07-15 08:40:49.229672512, 1752594049, 68922893, 0, 0, 0, 0, 0, -0.460775, 0.0239495, -0.0660459, -0.884732, 0, 0, 0, 0, 0, 0.00528265, -0.00796169, 0.00108387, -0.00366017, 0.00377297, 0.0303965, 0, 0, 0, 0, 45.7109, 101288, 37.4198, -122.057, 0, 0, 0, 0, 0, 0, 0, 0, -3.25561e-19
2025-07-15 08:40:49.249638399, 1752594049, 68922893, 0, 0, 0, 0, 0, -0.460775, 0.0239495, -0.0660459, -0.884732, 0, 0, 0, 0, 0, 0.00528265, -0.00796169, 0.00108387, -0.00366017, 0.00377297, 0.0303965, 0, 0, 0, 0, 45.7109, 101288, 37.4198, -122.057, 0, 0, 0, 0, 0, 0, 0, 0, -3.25561e-19
2025-07-15 08:40:49.269636822, 1752594049, 68922893, 0, 0, 0, 0, 0, -0.460775, 0.0239495, -0.0660459, -0.884732, 0, 0, 0, 0, 0, 0.00528265, -0.00796169, 0.00108387, -0.00366017, 0.00377297, 0.0303965, 0, 0, 0, 0, 45.7109, 101288, 37.4198, -122.057, 0, 0, 0, 0, 0, 0, 0, 0, -3.25561e-19
2025-07-15 08:40:49.289568434, 1752594049, 68922893, 0, 0, 0, 0, 0, -0.460871, 0.0239563, -0.0660449, -0.884682, 0, 0, 0, 0, 0, 0.00618156, -0.0071127, 0.000767596, -0.00165803, 0.00675945, 0.0332966, 0, 0, 0, 0, 45.7109, 101288, 37.4198, -122.057, 0, 0, 0, 0, 0, 0, 0, 0, -3.25561e-19
2025-07-15 08:40:49.309632561, 1752594049, 68922893, 0, 0, 0, 0, 0, -0.460871, 0.0239563, -0.0660449, -0.884682, 0, 0, 0, 0, 0, 0.00618156, -0.0071127, 0.000767596, -0.00165803, 0.00675945, 0.0332966, 0, 0, 0, 0, 45.7109, 101288, 37.4198, -122.057, 0, 0, 0, 0, 0, 0, 0, 0, -3.25561e-19
2025-07-15 08:40:49.329668731, 1752594049, 68922893, 0, 0, 0, 0, 0, -0.460871, 0.0239563, -0.0660449, -0.884682, 0, 0, 0, 0, 0, 0.00618156, -0.0071127, 0.000767596, -0.00165803, 0.00675945, 0.0332966, 0, 0, 0, 0, 45.7109, 101288, 37.4198, -122.057, 0, 0, 0, 0, 0, 0, 0, 0, -3.25561e-19
2025-07-15 08:40:49.349672020, 1752594049, 334984378, 0, 0, 0, 0, 0, -0.460912, 0.0239508, -0.0660358, -0.884662, 0, 0, 0, 0, 0, 0.00542328, -0.00722632, 0.00107177, -0.00162676, 0.00576859, 0.014822, 0, 0, 0, 0, 45.7109, 101288, 37.4198, -122.057, 0, 0, 0, 0, 0, 0, 0, 0, -3.25561e-19
2025-07-15 08:40:49.369674527, 1752594049, 334984378, 0, 0, 0, 0, 0, -0.460912, 0.0239508, -0.0660358, -0.884662, 0, 0, 0, 0, 0, 0.00542328, -0.00722632, 0.00107177, -0.00162676, 0.00576859, 0.014822, 0, 0, 0, 0, 45.7109, 101288, 37.4198, -122.057, 0, 0, 0, 0, 0, 0, 0, 0, -3.25561e-19
2025-07-15 08:40:49.389668354, 1752594049, 334984378, 0, 0, 0, 0, 0, -0.460912, 0.0239508, -0.0660358, -0.884662, 0, 0, 0, 0, 0, 0.00542328, -0.00722632, 0.00107177, -0.00162676, 0.00576859, 0.014822, 0, 0, 0, 0, 45.7109, 101288, 37.4198, -122.057, 0, 0, 0, 0, 0, 0, 0, 0, -3.25561e-19
2025-07-15 08:40:49.409694872, 1752594049, 334984378, 0, 0, 0, 0, 0, -0.460912, 0.0239508, -0.0660358, -0.884662, 0, 0, 0, 0, 0, 0.00542328, -0.00722632, 0.00107177, -0.00162676, 0.00576859, 0.014822, 0, 0, 0, 0, 45.7109, 101288, 37.4198, -122.057, 0, 0, 0, 0, 0, 0, 0, 0, -3.25561e-19
2025-07-15 08:40:49.429522972, 1752594049, 334984378, 0, 0, 0, 0, 0, -0.461008, 0.0239644, -0.0660345, -0.884611, 0, 0, 0, 0, 0, 0.00615586, -0.00734031, 0.00160541, -0.0111452, 0.00850009, 0.0153027, 0, 0, 0, 0, 45.7109, 101288, 37.4198, -122.057, 0, 0, 0, 0, 0, 0, 0, 0, -3.25561e-19
2025-07-15 08:40:49.449666028, 1752594049, 334984378, 0, 0, 0, 0, 0, -0.461008, 0.0239644, -0.0660345, -0.884611, 0, 0, 0, 0, 0, 0.00615586, -0.00734031, 0.00160541, -0.0111452, 0.00850009, 0.0153027, 0, 0, 0, 0, 45.7109, 101288, 37.4198, -122.057, 0, 0, 0, 0, 0, 0, 0, 0, -3.25561e-19
2025-07-15 08:40:49.469636502, 1752594049, 334984378, 0, 0, 0, 0, 0, -0.461008, 0.0239644, -0.0660345, -0.884611, 0, 0, 0, 0, 0, 0.00615586, -0.00734031, 0.00160541, -0.0111452, 0.00850009, 0.0153027, 0, 0, 0, 0, 45.7109, 101288, 37.4198, -122.057, 0, 0, 0, 0, 0, 0, 0, 0, -3.25561e-19
2025-07-15 08:40:49.489675493, 1752594049, 334984378, 0, 0, 0, 0, 0, -0.461092, 0.023972, -0.0660378, -0.884567, 0, 0, 0, 0, 0, 0.00597034, -0.00743121, 0.000977702, -0.0105964, 0.00407815, 0.010829, 0, 0, 0, 0, 45.7109, 101288, 37.4198, -122.057, 0, 0, 0, 0, 0, 0, 0, 0, -3.25561e-19
2025-07-15 08:40:49.509638885, 1752594049, 334984378, 0, 0, 0, 0, 0, -0.461092, 0.023972, -0.0660378, -0.884567, 0, 0, 0, 0, 0, 0.00597034, -0.00743121, 0.000977702, -0.0105964, 0.00407815, 0.010829, 0, 0, 0, 0, 45.7109, 101288, 37.4198, -122.057, 0, 0, 0, 0, 0, 0, 0, 0, -3.25561e-19
2025-07-15 08:40:49.529635118, 1752594049, 334984378, 0, 0, 0, 0, 0, -0.461092, 0.023972, -0.0660378, -0.884567, 0, 0, 0, 0, 0, 0.00597034, -0.00743121, 0.000977702, -0.0105964, 0.00407815, 0.010829, 0, 0, 0, 0, 45.7109, 101288, 37.4198, -122.057, 0, 0, 0, 0, 0, 0, 0, 0, -3.25561e-19
2025-07-15 08:40:49.549668211, 1752594049, 537190004, 0, 0, 0, 0, 0, -0.461168, 0.0239696, -0.0660381, -0.884527, 0, 0, 0, 0, 0, 0.00520367, -0.0073988, 0.0013331, -0.0111362, -0.0037642, 0.0228891, 0, 0, 0, 0, 45.7109, 101288, 37.4198, -122.057, 0, 0, 0, 0, 0, 0, 0, 0, -3.25561e-19
2025-07-15 08:40:49.569669626, 1752594049, 537190004, 0, 0, 0, 0, 0, -0.461168, 0.0239696, -0.0660381, -0.884527, 0, 0, 0, 0, 0, 0.00520367, -0.0073988, 0.0013331, -0.0111362, -0.0037642, 0.0228891, 0, 0, 0, 0, 45.7109, 101288, 37.4198, -122.057, 0, 0, 0, 0, 0, 0, 0, 0, -3.25561e-19
2025-07-15 08:40:49.589672339, 1752594049, 537190004, 0, 0, 0, 0, 0, -0.461168, 0.0239696, -0.0660381, -0.884527, 0, 0, 0, 0, 0, 0.00520367, -0.0073988, 0.0013331, -0.0111362, -0.0037642, 0.0228891, 0, 0, 0, 0, 45.7109, 101288, 37.4198, -122.057, 0, 0, 0, 0, 0, 0, 0, 0, -3.25561e-19
2025-07-15 08:40:49.609726470, 1752594049, 537190004, 0, 0, 0, 0, 0, -0.461168, 0.0239696, -0.0660381, -0.884527, 0, 0, 0, 0, 0, 0.00520367, -0.0073988, 0.0013331, -0.0111362, -0.0037642, 0.0228891, 0, 0, 0, 0, 45.7109, 101288, 37.4198, -122.057, 0, 0, 0, 0, 0, 0, 0, 0, -3.25561e-19
2025-07-15 08:40:49.629644147, 1752594049, 537190004, 0, 0, 0, 0, 0, -0.46127, 0.0239779, -0.0660316, -0.884475, 0, 0, 0, 0, 0, 0.0060441, -0.00734553, 0.00123028, -0.010094, 0.00692955, 0.0281391, 0, 0, 0, 0, 45.7109, 101288, 37.4198, -122.057, 0, 0, 0, 0, 0, 0, 0, 0, -3.25561e-19
2025-07-15 08:40:49.649669892, 1752594049, 537190004, 0, 0, 0, 0, 0, -0.46127, 0.0239779, -0.0660316, -0.884475, 0, 0, 0, 0, 0, 0.0060441, -0.00734553, 0.00123028, -0.010094, 0.00692955, 0.0281391, 0, 0, 0, 0, 45.7109, 101288, 37.4198, -122.057, 0, 0, 0, 0, 0, 0, 0, 0, -3.25561e-19
2025-07-15 08:40:49.669575050, 1752594049, 537190004, 0, 0, 0, 0, 0, -0.46127, 0.0239779, -0.0660316, -0.884475, 0, 0, 0, 0, 0, 0.0060441, -0.00734553, 0.00123028, -0.010094, 0.00692955, 0.0281391, 0, 0, 0, 0, 45.7109, 101288, 37.4198, -122.057, 0, 0, 0, 0, 0, 0, 0, 0, -3.25561e-19
2025-07-15 08:40:49.689660158, 1752594049, 537190004, 0, 0, 0, 0, 0, -0.461354, 0.0239747, -0.0660299, -0.884431, 0, 0, 0, 0, 0, 0.00599995, -0.0071045, 0.00126548, -0.00474617, 0.00225161, 0.0250587, 0, 0, 0, 0, 45.7109, 101288, 37.4198, -122.057, 0, 0, 0, 0, 0, 0, 0, 0, -3.25561e-19
2025-07-15 08:40:49.709660971, 1752594049, 537190004, 0, 0, 0, 0, 0, -0.461354, 0.0239747, -0.0660299, -0.884431, 0, 0, 0, 0, 0, 0.00599995, -0.0071045, 0.00126548, -0.00474617, 0.00225161, 0.0250587, 0, 0, 0, 0, 45.7109, 101288, 37.4198, -122.057, 0, 0, 0, 0, 0, 0, 0, 0, -3.25561e-19
2025-07-15 08:40:49.729664932, 1752594049, 537190004, 0, 0, 0, 0, 0, -0.461354, 0.0239747, -0.0660299, -0.884431, 0, 0, 0, 0, 0, 0.00599995, -0.0071045, 0.00126548, -0.00474617, 0.00225161, 0.0250587, 0, 0, 0, 0, 45.7109, 101288, 37.4198, -122.057, 0, 0, 0, 0, 0, 0, 0, 0, -3.25561e-19
2025-07-15 08:40:49.749674260, 1752594049, 537190004, 0, 0, 0, 0, 0, -0.461354, 0.0239747, -0.0660299, -0.884431, 0, 0, 0, 0, 0, 0.00599995, -0.0071045, 0.00126548, -0.00474617, 0.00225161, 0.0250587, 0, 0, 0, 0, 45.7109, 101288, 37.4198, -122.057, 0, 0, 0, 0, 0, 0, 0, 0, -3.25561e-19
2025-07-15 08:40:49.769606049, 1752594049, 537190004, 0, 0, 0, 0, 0, -0.461459, 0.0239885, -0.0660309, -0.884375, 0, 0, 0, 0, 0, 0.00549667, -0.00734889, 0.00111207, -0.00779562, 0.00926126, 0.0292835, 0, 0, 0, 0, 45.7109, 101288, 37.4198, -122.057, 0, 0, 0, 0, 0, 0, 0, 0, -3.25561e-19
2025-07-15 08:40:49.789594148, 1752594049, 537190004, 0, 0, 0, 0, 0, -0.461459, 0.0239885, -0.0660309, -0.884375, 0, 0, 0, 0, 0, 0.00549667, -0.00734889, 0.00111207, -0.00779562, 0.00926126, 0.0292835, 0, 0, 0, 0, 45.7109, 101288, 37.4198, -122.057, 0, 0, 0, 0, 0, 0, 0, 0, -3.25561e-19
2025-07-15 08:40:49.809548639, 1752594049, 802981140, 0, 0, 0, 0, 0, -0.46153, 0.0239833, -0.066035, -0.884338, 0, 0, 0, 0, 0, 0.00535455, -0.00700466, 0.0016043, -0.00455496, 0.0091651, 0.0296555, 0, 0, 0, 0, 45.7109, 101288, 37.4198, -122.057, 0, 0, 0, 0, 0, 0, 0, 0, -3.25561e-19
2025-07-15 08:40:49.829626050, 1752594049, 802981140, 0, 0, 0, 0, 0, -0.46153, 0.0239833, -0.066035, -0.884338, 0, 0, 0, 0, 0, 0.00535455, -0.00700466, 0.0016043, -0.00455496, 0.0091651, 0.0296555, 0, 0, 0, 0, 45.7109, 101288, 37.4198, -122.057, 0, 0, 0, 0, 0, 0, 0, 0, -3.25561e-19
2025-07-15 08:40:49.849679926, 1752594049, 802981140, 0, 0, 0, 0, 0, -0.46153, 0.0239833, -0.066035, -0.884338, 0, 0, 0, 0, 0, 0.00535455, -0.00700466, 0.0016043, -0.00455496, 0.0091651, 0.0296555, 0, 0, 0, 0, 45.7109, 101288, 37.4198, -122.057, 0, 0, 0, 0, 0, 0, 0, 0, -3.25561e-19
2025-07-15 08:40:49.869668496, 1752594049, 802981140, 0, 0, 0, 0, 0, -0.46153, 0.0239833, -0.066035, -0.884338, 0, 0, 0, 0, 0, 0.00535455, -0.00700466, 0.0016043, -0.00455496, 0.0091651, 0.0296555, 0, 0, 0, 0, 45.7109, 101288, 37.4198, -122.057, 0, 0, 0, 0, 0, 0, 0, 0, -3.25561e-19
2025-07-15 08:40:49.889634063, 1752594049, 802981140, 0, 0, 0, 0, 0, -0.4616, 0.0239858, -0.0660406, -0.884301, 0, 0, 0, 0, 0, 0.00519305, -0.00762493, 0.00151545, -0.0103599, 0.00629458, 0.0244379, 0, 0, 0, 0, 45.7109, 101288, 37.4198, -122.057, 0, 0, 0, 0, 0, 0, 0, 0, -3.25561e-19
2025-07-15 08:40:49.909639432, 1752594049, 802981140, 0, 0, 0, 0, 0, -0.4616, 0.0239858, -0.0660406, -0.884301, 0, 0, 0, 0, 0, 0.00519305, -0.00762493, 0.00151545, -0.0103599, 0.00629458, 0.0244379, 0, 0, 0, 0, 45.7109, 101288, 37.4198, -122.057, 0, 0, 0, 0, 0, 0, 0, 0, -3.25561e-19
2025-07-15 08:40:49.929679987, 1752594049, 802981140, 0, 0, 0, 0, 0, -0.4616, 0.0239858, -0.0660406, -0.884301, 0, 0, 0, 0, 0, 0.00519305, -0.00762493, 0.00151545, -0.0103599, 0.00629458, 0.0244379, 0, 0, 0, 0, 45.7109, 101288, 37.4198, -122.057, 0, 0, 0, 0, 0, 0, 0, 0, -3.25561e-19
2025-07-15 08:40:49.949664783, 1752594049, 802981140, 0, 0, 0, 0, 0, -0.461673, 0.023994, -0.0660361, -0.884263, 0, 0, 0, 0, 0, 0.00624377, -0.00656471, 0.00159424, -0.0129736, 0.00896971, 0.0140934, 0, 0, 0, 0, 45.7422, 101298, 37.4198, -122.057, 0, 0, 0, 0, 0, 0, 0, 0, -3.25561e-19
2025-07-15 08:40:49.969665842, 1752594049, 802981140, 0, 0, 0, 0, 0, -0.461673, 0.023994, -0.0660361, -0.884263, 0, 0, 0, 0, 0, 0.00624377, -0.00656471, 0.00159424, -0.0129736, 0.00896971, 0.0140934, 0, 0, 0, 0, 45.7422, 101298, 37.4198, -122.057, 0, 0, 0, 0, 0, 0, 0, 0, -3.25561e-19
2025-07-15 08:40:49.989674013, 1752594049, 802981140, 0, 0, 0, 0, 0, -0.461673, 0.023994, -0.0660361, -0.884263, 0, 0, 0, 0, 0, 0.00624377, -0.00656471, 0.00159424, -0.0129736, 0.00896971, 0.0140934, 0, 0, 0, 0, 45.7422, 101298, 37.4198, -122.057, 0, 0, 0, 0, 0, 0, 0, 0, -3.25561e-19
2025-07-15 08:40:50.009662021, 1752594049, 802981140, 0, 0, 0, 0, 0, -0.461673, 0.023994, -0.0660361, -0.884263, 0, 0, 0, 0, 0, 0.00624377, -0.00656471, 0.00159424, -0.0129736, 0.00896971, 0.0140934, 0, 0, 0, 0, 45.7422, 101298, 37.4198, -122.057, 0, 0, 0, 0, 0, 0, 0, 0, -3.25561e-19
2025-07-15 08:40:50.029670893, 1752594049, 802981140, 0, 0, 0, 0, 0, -0.461771, 0.0239986, -0.0660388, -0.884212, 0, 0, 0, 0, 0, 0.00580493, -0.0076361, 0.00149738, -0.0119262, 0.00810311, 0.0101833, 0, 0, 0, 0, 45.7422, 101298, 37.4198, -122.057, 0, 0, 0, 0, 0, 0, 0, 0, -3.25561e-19
2025-07-15 08:40:50.049670289, 1752594049, 802981140, 0, 0, 0, 0, 0, -0.461771, 0.0239986, -0.0660388, -0.884212, 0, 0, 0, 0, 0, 0.00580493, -0.0076361, 0.00149738, -0.0119262, 0.00810311, 0.0101833, 0, 0, 0, 0, 45.7422, 101298, 37.4198, -122.057, 0, 0, 0, 0, 0, 0, 0, 0, -3.25561e-19
2025-07-15 08:40:50.069600654, 1752594050, 68273743, 0, 0, 0, 0, 0, -0.461796, 0.0239978, -0.0660424, -0.884199, 0, 0, 0, 0, 0, 0.00564996, -0.00694916, 0.000975095, -0.00130316, 0.0106344, 0.028945, 0, 0, 0, 0, 45.7422, 101298, 37.4198, -122.057, 0, 0, 0, 0, 0, 0, 0, 0, -3.25561e-19
2025-07-15 08:40:50.089668583, 1752594050, 68273743, 0, 0, 0, 0, 0, -0.46185, 0.024005, -0.0660358, -0.884171, 0, 0, 0, 0, 0, 0.0057755, -0.00785738, 0.000891648, -0.00900385, 0.00510782, 0.0165157, 0, 0, 0, 0, 45.7422, 101298, 37.4198, -122.057, 0, 0, 0, 0, 0, 0, 0, 0, -3.25561e-19
2025-07-15 08:40:50.109670378, 1752594050, 68273743, 0, 0, 0, 0, 0, -0.46185, 0.024005, -0.0660358, -0.884171, 0, 0, 0, 0, 0, 0.0057755, -0.00785738, 0.000891648, -0.00900385, 0.00510782, 0.0165157, 0, 0, 0, 0, 45.7422, 101298, 37.4198, -122.057, 0, 0, 0, 0, 0, 0, 0, 0, -3.25561e-19
2025-07-15 08:40:50.129636737, 1752594050, 68273743, 0, 0, 0, 0, 0, -0.46185, 0.024005, -0.0660358, -0.884171, 0, 0, 0, 0, 0, 0.0057755, -0.00785738, 0.000891648, -0.00900385, 0.00510782, 0.0165157, 0, 0, 0, 0, 45.7422, 101298, 37.4198, -122.057, 0, 0, 0, 0, 0, 0, 0, 0, -3.25561e-19
2025-07-15 08:40:50.149666076, 1752594050, 68273743, 0, 0, 0, 0, 0, -0.461924, 0.0239989, -0.066035, -0.884132, 0, 0, 0, 0, 0, 0.00586342, -0.00742637, 0.00117589, -0.0114655, 0.0113202, 0.0328293, 0, 0, 0, 0, 45.7422, 101298, 37.4198, -122.057, 0, 0, 0, 0, 0, 0, 0, 0, -3.25561e-19
2025-07-15 08:40:50.169636254, 1752594050, 68273743, 0, 0, 0, 0, 0, -0.461924, 0.0239989, -0.066035, -0.884132, 0, 0, 0, 0, 0, 0.00586342, -0.00742637, 0.00117589, -0.0114655, 0.0113202, 0.0328293, 0, 0, 0, 0, 45.7422, 101298, 37.4198, -122.057, 0, 0, 0, 0, 0, 0, 0, 0, -3.25561e-19
2025-07-15 08:40:50.189676463, 1752594050, 68273743, 0, 0, 0, 0, 0, -0.461924, 0.0239989, -0.066035, -0.884132, 0, 0, 0, 0, 0, 0.00586342, -0.00742637, 0.00117589, -0.0114655, 0.0113202, 0.0328293, 0, 0, 0, 0, 45.7422, 101298, 37.4198, -122.057, 0, 0, 0, 0, 0, 0, 0, 0, -3.25561e-19
2025-07-15 08:40:50.209668908, 1752594050, 68273743, 0, 0, 0, 0, 0, -0.461924, 0.0239989, -0.066035, -0.884132, 0, 0, 0, 0, 0, 0.00586342, -0.00742637, 0.00117589, -0.0114655, 0.0113202, 0.0328293, 0, 0, 0, 0, 45.7422, 101298, 37.4198, -122.057, 0, 0, 0, 0, 0, 0, 0, 0, -3.25561e-19
2025-07-15 08:40:50.229669059, 1752594050, 68273743, 0, 0, 0, 0, 0, -0.462021, 0.0240123, -0.0660423, -0.884081, 0, 0, 0, 0, 0, 0.00585113, -0.00763573, 0.00118595, -0.00348266, 0.00465515, 0.0130711, 0, 0, 0, 0, 45.7422, 101298, 37.4198, -122.057, 0, 0, 0, 0, 0, 0, 0, 0, -3.25561e-19
2025-07-15 08:40:50.249662596, 1752594050, 68273743, 0, 0, 0, 0, 0, -0.462021, 0.0240123, -0.0660423, -0.884081, 0, 0, 0, 0, 0, 0.00585113, -0.00763573, 0.00118595, -0.00348266, 0.00465515, 0.0130711, 0, 0, 0, 0, 45.7422, 101298, 37.4198, -122.057, 0, 0, 0, 0, 0, 0, 0, 0, -3.25561e-19
2025-07-15 08:40:50.269671964, 1752594050, 68273743, 0, 0, 0, 0, 0, -0.462021, 0.0240123, -0.0660423, -0.884081, 0, 0, 0, 0, 0, 0.00585113, -0.00763573, 0.00118595, -0.00348266, 0.00465515, 0.0130711, 0, 0, 0, 0, 45.7422, 101298, 37.4198, -122.057, 0, 0, 0, 0, 0, 0, 0, 0, -3.25561e-19
2025-07-15 08:40:50.289668182, 1752594050, 68273743, 0, 0, 0, 0, 0, -0.462098, 0.0240266, -0.0660397, -0.88404, 0, 0, 0, 0, 0, 0.00657272, -0.00682436, 0.00122581, 0.00149047, 0.00907721, 0.0208454, 0, 0, 0, 0, 45.7422, 101298, 37.4198, -122.057, 0, 0, 0, 0, 0, 0, 0, 0, -3.25561e-19
2025-07-15 08:40:50.309665988, 1752594050, 68273743, 0, 0, 0, 0, 0, -0.462098, 0.0240266, -0.0660397, -0.88404, 0, 0, 0, 0, 0, 0.00657272, -0.00682436, 0.00122581, 0.00149047, 0.00907721, 0.0208454, 0, 0, 0, 0, 45.7422, 101298, 37.4198, -122.057, 0, 0, 0, 0, 0, 0, 0, 0, -3.25561e-19
2025-07-15 08:40:50.329636086, 1752594050, 68273743, 0, 0, 0, 0, 0, -0.462098, 0.0240266, -0.0660397, -0.88404, 0, 0, 0, 0, 0, 0.00657272, -0.00682436, 0.00122581, 0.00149047, 0.00907721, 0.0208454, 0, 0, 0, 0, 45.7422, 101298, 37.4198, -122.057, 0, 0, 0, 0, 0, 0, 0, 0, -3.25561e-19
2025-07-15 08:40:50.349680385, 1752594050, 333959485, 0, 0, 0, 0, 0, -0.462171, 0.0240357, -0.0660405, -0.884002, 0, 0, 0, 0, 0, 0.00575725, -0.00705794, 0.00127237, -0.00907608, 0.00509776, 0.0309639, 0, 0, 0, 0, 45.7422, 101298, 37.4198, -122.057, 0, 0, 0, 0, 0, 0, 0, 0, -3.25561e-19
2025-07-15 08:40:50.369690800, 1752594050, 333959485, 0, 0, 0, 0, 0, -0.462171, 0.0240357, -0.0660405, -0.884002, 0, 0, 0, 0, 0, 0.00575725, -0.00705794, 0.00127237, -0.00907608, 0.00509776, 0.0309639, 0, 0, 0, 0, 45.7422, 101298, 37.4198, -122.057, 0, 0, 0, 0, 0, 0, 0, 0, -3.25561e-19
2025-07-15 08:40:50.389583278, 1752594050, 333959485, 0, 0, 0, 0, 0, -0.462171, 0.0240357, -0.0660405, -0.884002, 0, 0, 0, 0, 0, 0.00575725, -0.00705794, 0.00127237, -0.00907608, 0.00509776, 0.0309639, 0, 0, 0, 0, 45.7422, 101298, 37.4198, -122.057, 0, 0, 0, 0, 0, 0, 0, 0, -3.25561e-19
2025-07-15 08:40:50.409657050, 1752594050, 333959485, 0, 0, 0, 0, 0, -0.462195, 0.024034, -0.0660391, -0.883989, 0, 0, 0, 0, 0, 0.00526238, -0.00742823, 0.00132141, -0.0122902, -0.00128614, 0.023118, 0, 0, 0, 0, 45.7422, 101298, 37.4198, -122.057, 0, 0, 0, 0, 0, 0, 0, 0, -3.25561e-19
2025-07-15 08:40:50.429651785, 1752594050, 333959485, 0, 0, 0, 0, 0, -0.462273, 0.0240469, -0.0660297, -0.883949, 0, 0, 0, 0, 0, 0.00608843, -0.00742115, 0.00118595, -0.00514482, 0.00957288, 0.0197306, 0, 0, 0, 0, 45.7422, 101298, 37.4198, -122.057, 0, 0, 0, 0, 0, 0, 0, 0, -3.25561e-19
2025-07-15 08:40:50.449663528, 1752594050, 333959485, 0, 0, 0, 0, 0, -0.462273, 0.0240469, -0.0660297, -0.883949, 0, 0, 0, 0, 0, 0.00608843, -0.00742115, 0.00118595, -0.00514482, 0.00957288, 0.0197306, 0, 0, 0, 0, 45.7422, 101298, 37.4198, -122.057, 0, 0, 0, 0, 0, 0, 0, 0, -3.25561e-19
2025-07-15 08:40:50.469630769, 1752594050, 333959485, 0, 0, 0, 0, 0, -0.462273, 0.0240469, -0.0660297, -0.883949, 0, 0, 0, 0, 0, 0.00608843, -0.00742115, 0.00118595, -0.00514482, 0.00957288, 0.0197306, 0, 0, 0, 0, 45.7422, 101298, 37.4198, -122.057, 0, 0, 0, 0, 0, 0, 0, 0, -3.25561e-19
2025-07-15 08:40:50.489659091, 1752594050, 333959485, 0, 0, 0, 0, 0, -0.462351, 0.0240617, -0.066027, -0.883908, 0, 0, 0, 0, 0, 0.00586342, -0.00725389, 0.00142213, -0.00811699, 0.00112334, 0.0214081, 0, 0, 0, 0, 45.7422, 101298, 37.4198, -122.057, 0, 0, 0, 0, 0, 0, 0, 0, -3.25561e-19
2025-07-15 08:40:50.509663793, 1752594050, 333959485, 0, 0, 0, 0, 0, -0.462351, 0.0240617, -0.066027, -0.883908, 0, 0, 0, 0, 0, 0.00586342, -0.00725389, 0.00142213, -0.00811699, 0.00112334, 0.0214081, 0, 0, 0, 0, 45.7422, 101298, 37.4198, -122.057, 0, 0, 0, 0, 0, 0, 0, 0, -3.25561e-19
2025-07-15 08:40:50.529634066, 1752594050, 333959485, 0, 0, 0, 0, 0, -0.462351, 0.0240617, -0.066027, -0.883908, 0, 0, 0, 0, 0, 0.00586342, -0.00725389, 0.00142213, -0.00811699, 0.00112334, 0.0214081, 0, 0, 0, 0, 45.7422, 101298, 37.4198, -122.057, 0, 0, 0, 0, 0, 0, 0, 0, -3.25561e-19
2025-07-15 08:40:50.549607070, 1752594050, 536259730, 0, 0, 0, 0, 0, -0.462428, 0.0240647, -0.0660329, -0.883867, 0, 0, 0, 0, 0, 0.00586342, -0.00722073, 0.000976212, -0.00365977, 0.00775754, 0.0147877, 0, 0, 0, 0, 45.7422, 101298, 37.4198, -122.057, 0, 0, 0, 0, 0, 0, 0, 0, -3.25561e-19
2025-07-15 08:40:50.569676562, 1752594050, 536259730, 0, 0, 0, 0, 0, -0.462428, 0.0240647, -0.0660329, -0.883867, 0, 0, 0, 0, 0, 0.00586342, -0.00722073, 0.000976212, -0.00365977, 0.00775754, 0.0147877, 0, 0, 0, 0, 45.7422, 101298, 37.4198, -122.057, 0, 0, 0, 0, 0, 0, 0, 0, -3.25561e-19
2025-07-15 08:40:50.589632482, 1752594050, 536259730, 0, 0, 0, 0, 0, -0.462428, 0.0240647, -0.0660329, -0.883867, 0, 0, 0, 0, 0, 0.00586342, -0.00722073, 0.000976212, -0.00365977, 0.00775754, 0.0147877, 0, 0, 0, 0, 45.7422, 101298, 37.4198, -122.057, 0, 0, 0, 0, 0, 0, 0, 0, -3.25561e-19
2025-07-15 08:40:50.609492475, 1752594050, 536259730, 0, 0, 0, 0, 0, -0.462494, 0.0240777, -0.0660222, -0.883833, 0, 0, 0, 0, 0, 0.00649747, -0.007312, 0.00153985, -0.00216359, 0.00900419, 0.0218763, 0, 0, 0, 0, 45.7422, 101298, 37.4198, -122.057, 0, 0, 0, 0, 0, 0, 0, 0, -3.25561e-19
2025-07-15 08:40:50.629663652, 1752594050, 536259730, 0, 0, 0, 0, 0, -0.462523, 0.0240764, -0.0660289, -0.883818, 0, 0, 0, 0, 0, 0.00554714, -0.00700429, 0.0010943, -0.0118413, 0.00747088, 0.0260429, 0, 0, 0, 0, 45.7422, 101298, 37.4198, -122.057, 0, 0, 0, 0, 0, 0, 0, 0, -3.25561e-19
2025-07-15 08:40:50.649645467, 1752594050, 536259730, 0, 0, 0, 0, 0, -0.462523, 0.0240764, -0.0660289, -0.883818, 0, 0, 0, 0, 0, 0.00554714, -0.00700429, 0.0010943, -0.0118413, 0.00747088, 0.0260429, 0, 0, 0, 0, 45.7422, 101298, 37.4198, -122.057, 0, 0, 0, 0, 0, 0, 0, 0, -3.25561e-19
2025-07-15 08:40:50.669636137, 1752594050, 536259730, 0, 0, 0, 0, 0, -0.462523, 0.0240764, -0.0660289, -0.883818, 0, 0, 0, 0, 0, 0.00554714, -0.00700429, 0.0010943, -0.0118413, 0.00747088, 0.0260429, 0, 0, 0, 0, 45.7422, 101298, 37.4198, -122.057, 0, 0, 0, 0, 0, 0, 0, 0, -3.25561e-19
2025-07-15 08:40:50.689588468, 1752594050, 536259730, 0, 0, 0, 0, 0, -0.462597, 0.0240873, -0.0660326, -0.883778, 0, 0, 0, 0, 0, 0.00614654, -0.00706129, 0.000817142, -0.00773245, 0.00630799, 0.0154076, 0, 0, 0, 0, 45.7422, 101298, 37.4198, -122.057, 0, 0, 0, 0, 0, 0, 0, 0, -3.25561e-19
2025-07-15 08:40:50.709598112, 1752594050, 536259730, 0, 0, 0, 0, 0, -0.462597, 0.0240873, -0.0660326, -0.883778, 0, 0, 0, 0, 0, 0.00614654, -0.00706129, 0.000817142, -0.00773245, 0.00630799, 0.0154076, 0, 0, 0, 0, 45.7422, 101298, 37.4198, -122.057, 0, 0, 0, 0, 0, 0, 0, 0, -3.25561e-19
2025-07-15 08:40:50.729594194, 1752594050, 536259730, 0, 0, 0, 0, 0, -0.462597, 0.0240873, -0.0660326, -0.883778, 0, 0, 0, 0, 0, 0.00614654, -0.00706129, 0.000817142, -0.00773245, 0.00630799, 0.0154076, 0, 0, 0, 0, 45.7422, 101298, 37.4198, -122.057, 0, 0, 0, 0, 0, 0, 0, 0, -3.25561e-19
2025-07-15 08:40:50.749591534, 1752594050, 536259730, 0, 0, 0, 0, 0, -0.462597, 0.0240873, -0.0660326, -0.883778, 0, 0, 0, 0, 0, 0.00614654, -0.00706129, 0.000817142, -0.00773245, 0.00630799, 0.0154076, 0, 0, 0, 0, 45.7422, 101298, 37.4198, -122.057, 0, 0, 0, 0, 0, 0, 0, 0, -3.25561e-19
2025-07-15 08:40:50.769670824, 1752594050, 536259730, 0, 0, 0, 0, 0, -0.4627, 0.0240979, -0.0660347, -0.883723, 0, 0, 0, 0, 0, 0.00613773, -0.0074219, 0.00148792, -0.0119512, 0.00942474, 0.0243244, 0, 0, 0, 0, 45.7422, 101298, 37.4198, -122.057, 0, 0, 0, 0, 0, 0, 0, 0, -3.25561e-19
2025-07-15 08:40:50.789644906, 1752594050, 536259730, 0, 0, 0, 0, 0, -0.4627, 0.0240979, -0.0660347, -0.883723, 0, 0, 0, 0, 0, 0.00613773, -0.0074219, 0.00148792, -0.0119512, 0.00942474, 0.0243244, 0, 0, 0, 0, 45.7422, 101298, 37.4198, -122.057, 0, 0, 0, 0, 0, 0, 0, 0, -3.25561e-19
2025-07-15 08:40:50.809663330, 1752594050, 799656433, 0, 0, 0, 0, 0, -0.462751, 0.0241062, -0.066029, -0.883697, 0, 0, 0, 0, 0, 0.00618417, -0.00751987, 0.000865944, -0.00805165, 0.0104271, 0.023036, 0, 0, 0, 0, 45.7422, 101298, 37.4198, -122.057, 0, 0, 0, 0, 0, 0, 0, 0, -3.25561e-19
2025-07-15 08:40:50.829672944, 1752594050, 799656433, 0, 0, 0, 0, 0, -0.462751, 0.0241062, -0.066029, -0.883697, 0, 0, 0, 0, 0, 0.00618417, -0.00751987, 0.000865944, -0.00805165, 0.0104271, 0.023036, 0, 0, 0, 0, 45.7422, 101298, 37.4198, -122.057, 0, 0, 0, 0, 0, 0, 0, 0, -3.25561e-19
2025-07-15 08:40:50.849686737, 1752594050, 799656433, 0, 0, 0, 0, 0, -0.462751, 0.0241062, -0.066029, -0.883697, 0, 0, 0, 0, 0, 0.00618417, -0.00751987, 0.000865944, -0.00805165, 0.0104271, 0.023036, 0, 0, 0, 0, 45.7422, 101298, 37.4198, -122.057, 0, 0, 0, 0, 0, 0, 0, 0, -3.25561e-19
2025-07-15 08:40:50.869685245, 1752594050, 799656433, 0, 0, 0, 0, 0, -0.462751, 0.0241062, -0.066029, -0.883697, 0, 0, 0, 0, 0, 0.00618417, -0.00751987, 0.000865944, -0.00805165, 0.0104271, 0.023036, 0, 0, 0, 0, 45.7422, 101298, 37.4198, -122.057, 0, 0, 0, 0, 0, 0, 0, 0, -3.25561e-19
2025-07-15 08:40:50.889673469, 1752594050, 799656433, 0, 0, 0, 0, 0, -0.462845, 0.0241111, -0.0660214, -0.883648, 0, 0, 0, 0, 0, 0.00545289, -0.00669025, 0.00170451, -0.0137594, 0.013658, 0.0262604, 0, 0, 0, 0, 45.7422, 101298, 37.4198, -122.057, 0, 0, 0, 0, 0, 0, 0, 0, -3.25561e-19
2025-07-15 08:40:50.909672594, 1752594050, 799656433, 0, 0, 0, 0, 0, -0.462845, 0.0241111, -0.0660214, -0.883648, 0, 0, 0, 0, 0, 0.00545289, -0.00669025, 0.00170451, -0.0137594, 0.013658, 0.0262604, 0, 0, 0, 0, 45.7422, 101298, 37.4198, -122.057, 0, 0, 0, 0, 0, 0, 0, 0, -3.25561e-19
2025-07-15 08:40:50.929673192, 1752594050, 799656433, 0, 0, 0, 0, 0, -0.462845, 0.0241111, -0.0660214, -0.883648, 0, 0, 0, 0, 0, 0.00545289, -0.00669025, 0.00170451, -0.0137594, 0.013658, 0.0262604, 0, 0, 0, 0, 45.7422, 101298, 37.4198, -122.057, 0, 0, 0, 0, 0, 0, 0, 0, -3.25561e-19
2025-07-15 08:40:50.949665896, 1752594050, 799656433, 0, 0, 0, 0, 0, -0.462925, 0.024115, -0.0660141, -0.883607, 0, 0, 0, 0, 0, 0.006097, -0.00735186, 0.00101123, -0.00816159, 0.00765719, 0.0311527, 0, 0, 0, 0, 45.7422, 101290, 37.4198, -122.057, 0, 0, 0, 0, 0, 0, 0, 0, -3.25561e-19
2025-07-15 08:40:50.969666399, 1752594050, 799656433, 0, 0, 0, 0, 0, -0.462925, 0.024115, -0.0660141, -0.883607, 0, 0, 0, 0, 0, 0.006097, -0.00735186, 0.00101123, -0.00816159, 0.00765719, 0.0311527, 0, 0, 0, 0, 45.7422, 101290, 37.4198, -122.057, 0, 0, 0, 0, 0, 0, 0, 0, -3.25561e-19
2025-07-15 08:40:50.989667784, 1752594050, 799656433, 0, 0, 0, 0, 0, -0.462925, 0.024115, -0.0660141, -0.883607, 0, 0, 0, 0, 0, 0.006097, -0.00735186, 0.00101123, -0.00816159, 0.00765719, 0.0311527, 0, 0, 0, 0, 45.7422, 101290, 37.4198, -122.057, 0, 0, 0, 0, 0, 0, 0, 0, -3.25561e-19
2025-07-15 08:40:51.009660839, 1752594050, 799656433, 0, 0, 0, 0, 0, -0.462925, 0.024115, -0.0660141, -0.883607, 0, 0, 0, 0, 0, 0.006097, -0.00735186, 0.00101123, -0.00816159, 0.00765719, 0.0311527, 0, 0, 0, 0, 45.7422, 101290, 37.4198, -122.057, 0, 0, 0, 0, 0, 0, 0, 0, -3.25561e-19
2025-07-15 08:40:51.029665827, 1752594050, 799656433, 0, 0, 0, 0, 0, -0.46302, 0.0241399, -0.0660045, -0.883557, 0, 0, 0, 0, 0, 0.0060359, -0.00725202, 0.00143368, -0.000532914, 0.006521, 0.0187178, 0, 0, 0, 0, 45.7422, 101290, 37.4198, -122.057, 0, 0, 0, 0, 0, 0, 0, 0, -3.25561e-19
2025-07-15 08:40:51.049629710, 1752594050, 799656433, 0, 0, 0, 0, 0, -0.46302, 0.0241399, -0.0660045, -0.883557, 0, 0, 0, 0, 0, 0.0060359, -0.00725202, 0.00143368, -0.000532914, 0.006521, 0.0187178, 0, 0, 0, 0, 45.7422, 101290, 37.4198, -122.057, 0, 0, 0, 0, 0, 0, 0, 0, -3.25561e-19
2025-07-15 08:40:51.069676886, 1752594051, 58305536, 0, 0, 0, 0, 0, -0.463059, 0.0241359, -0.0659785, -0.883539, 0, 0, 0, 0, 0, 0.00650911, -0.00783015, 0.000988407, -0.00592159, 0.00594359, 0.0139008, 0, 0, 0, 0, 45.7422, 101290, 37.4198, -122.057, 0, 0, 0, 0, 0, 0, 0, 0, -3.25561e-19
2025-07-15 08:40:51.089596577, 1752594051, 58305536, 0, 0, 0, 0, 0, -0.463059, 0.0241359, -0.0659785, -0.883539, 0, 0, 0, 0, 0, 0.00650911, -0.00783015, 0.000988407, -0.00592159, 0.00594359, 0.0139008, 0, 0, 0, 0, 45.7422, 101290, 37.4198, -122.057, 0, 0, 0, 0, 0, 0, 0, 0, -3.25561e-19
2025-07-15 08:40:51.109604747, 1752594051, 58305536, 0, 0, 0, 0, 0, -0.463059, 0.0241359, -0.0659785, -0.883539, 0, 0, 0, 0, 0, 0.00650911, -0.00783015, 0.000988407, -0.00592159, 0.00594359, 0.0139008, 0, 0, 0, 0, 45.7422, 101290, 37.4198, -122.057, 0, 0, 0, 0, 0, 0, 0, 0, -3.25561e-19
2025-07-15 08:40:51.129569417, 1752594051, 58305536, 0, 0, 0, 0, 0, -0.463059, 0.0241359, -0.0659785, -0.883539, 0, 0, 0, 0, 0, 0.00650911, -0.00783015, 0.000988407, -0.00592159, 0.00594359, 0.0139008, 0, 0, 0, 0, 45.7422, 101290, 37.4198, -122.057, 0, 0, 0, 0, 0, 0, 0, 0, -3.25561e-19
2025-07-15 08:40:51.149540547, 1752594051, 58305536, 0, 0, 0, 0, 0, -0.463165, 0.0241532, -0.0659712, -0.883483, 0, 0, 0, 0, 0, 0.00681412, -0.00794381, 0.00147205, -0.00422938, 0.00429265, 0.0303516, 0, 0, 0, 0, 45.7422, 101290, 37.4198, -122.057, 0, 0, 0, 0, 0, 0, 0, 0, -3.25561e-19
2025-07-15 08:40:51.169566994, 1752594051, 58305536, 0, 0, 0, 0, 0, -0.463165, 0.0241532, -0.0659712, -0.883483, 0, 0, 0, 0, 0, 0.00681412, -0.00794381, 0.00147205, -0.00422938, 0.00429265, 0.0303516, 0, 0, 0, 0, 45.7422, 101290, 37.4198, -122.057, 0, 0, 0, 0, 0, 0, 0, 0, -3.25561e-19
2025-07-15 08:40:51.189567462, 1752594051, 58305536, 0, 0, 0, 0, 0, -0.463165, 0.0241532, -0.0659712, -0.883483, 0, 0, 0, 0, 0, 0.00681412, -0.00794381, 0.00147205, -0.00422938, 0.00429265, 0.0303516, 0, 0, 0, 0, 45.7422, 101290, 37.4198, -122.057, 0, 0, 0, 0, 0, 0, 0, 0, -3.25561e-19
2025-07-15 08:40:51.209672797, 1752594051, 58305536, 0, 0, 0, 0, 0, -0.463165, 0.0241532, -0.0659712, -0.883483, 0, 0, 0, 0, 0, 0.00681412, -0.00794381, 0.00147205, -0.00422938, 0.00429265, 0.0303516, 0, 0, 0, 0, 45.7422, 101290, 37.4198, -122.057, 0, 0, 0, 0, 0, 0, 0, 0, -3.25561e-19
2025-07-15 08:40:51.229570031, 1752594051, 58305536, 0, 0, 0, 0, 0, -0.463265, 0.0241653, -0.0659767, -0.88343, 0, 0, 0, 0, 0, 0.00659544, -0.00729449, 0.0011852, -0.0105726, 0.0125985, 0.0225658, 0, 0, 0, 0, 45.7422, 101290, 37.4198, -122.057, 0, 0, 0, 0, 0, 0, 0, 0, -3.25561e-19
2025-07-15 08:40:51.249572513, 1752594051, 58305536, 0, 0, 0, 0, 0, -0.463265, 0.0241653, -0.0659767, -0.88343, 0, 0, 0, 0, 0, 0.00659544, -0.00729449, 0.0011852, -0.0105726, 0.0125985, 0.0225658, 0, 0, 0, 0, 45.7422, 101290, 37.4198, -122.057, 0, 0, 0, 0, 0, 0, 0, 0, -3.25561e-19
2025-07-15 08:40:51.269637224, 1752594051, 58305536, 0, 0, 0, 0, 0, -0.463265, 0.0241653, -0.0659767, -0.88343, 0, 0, 0, 0, 0, 0.00659544, -0.00729449, 0.0011852, -0.0105726, 0.0125985, 0.0225658, 0, 0, 0, 0, 45.7422, 101290, 37.4198, -122.057, 0, 0, 0, 0, 0, 0, 0, 0, -3.25561e-19
2025-07-15 08:40:51.289600736, 1752594051, 58305536, 0, 0, 0, 0, 0, -0.46334, 0.0241782, -0.0659731, -0.883391, 0, 0, 0, 0, 0, 0.00608601, -0.00742339, 0.00151172, -0.00243474, 0.0117143, 0.0288353, 0, 0, 0, 0, 45.7422, 101290, 37.4198, -122.057, 0, 0, 0, 0, 0, 0, 0, 0, -3.25561e-19
2025-07-15 08:40:51.309694971, 1752594051, 58305536, 0, 0, 0, 0, 0, -0.46334, 0.0241782, -0.0659731, -0.883391, 0, 0, 0, 0, 0, 0.00608601, -0.00742339, 0.00151172, -0.00243474, 0.0117143, 0.0288353, 0, 0, 0, 0, 45.7422, 101290, 37.4198, -122.057, 0, 0, 0, 0, 0, 0, 0, 0, -3.25561e-19
2025-07-15 08:40:51.329669183, 1752594051, 58305536, 0, 0, 0, 0, 0, -0.46334, 0.0241782, -0.0659731, -0.883391, 0, 0, 0, 0, 0, 0.00608601, -0.00742339, 0.00151172, -0.00243474, 0.0117143, 0.0288353, 0, 0, 0, 0, 45.7422, 101290, 37.4198, -122.057, 0, 0, 0, 0, 0, 0, 0, 0, -3.25561e-19
2025-07-15 08:40:51.349640478, 1752594051, 332723755, 0, 0, 0, 0, 0, -0.46341, 0.0241898, -0.0659611, -0.883354, 0, 0, 0, 0, 0, 0.00672322, -0.00762828, 0.00170898, -0.00392495, 0.0116795, 0.0233631, 0, 0, 0, 0, 45.7422, 101290, 37.4198, -122.057, 0, 0, 0, 0, 0, 0, 0, 0, -3.25561e-19
2025-07-15 08:40:51.369667136, 1752594051, 332723755, 0, 0, 0, 0, 0, -0.46341, 0.0241898, -0.0659611, -0.883354, 0, 0, 0, 0, 0, 0.00672322, -0.00762828, 0.00170898, -0.00392495, 0.0116795, 0.0233631, 0, 0, 0, 0, 45.7422, 101290, 37.4198, -122.057, 0, 0, 0, 0, 0, 0, 0, 0, -3.25561e-19
2025-07-15 08:40:51.389667298, 1752594051, 332723755, 0, 0, 0, 0, 0, -0.46341, 0.0241898, -0.0659611, -0.883354, 0, 0, 0, 0, 0, 0.00672322, -0.00762828, 0.00170898, -0.00392495, 0.0116795, 0.0233631, 0, 0, 0, 0, 45.7422, 101290, 37.4198, -122.057, 0, 0, 0, 0, 0, 0, 0, 0, -3.25561e-19
2025-07-15 08:40:51.409416740, 1752594051, 332723755, 0, 0, 0, 0, 0, -0.463506, 0.0241988, -0.0659665, -0.883303, 0, 0, 0, 0, 0, 0.00581313, -0.00705384, 0.00134353, 0.00074947, 0.0104898, 0.0199909, 0, 0, 0, 0, 45.7422, 101290, 37.4198, -122.057, 0, 0, 0, 0, 0, 0, 0, 0, -3.25561e-19
2025-07-15 08:40:51.429667125, 1752594051, 332723755, 0, 0, 0, 0, 0, -0.463506, 0.0241988, -0.0659665, -0.883303, 0, 0, 0, 0, 0, 0.00581313, -0.00705384, 0.00134353, -0.01555, 0.00540984, 0.0305319, 0, 0, 0, 0, 45.7422, 101290, 37.4198, -122.057, 0, 0, 0, 0, 0, 0, 0, 0, -3.25561e-19
2025-07-15 08:40:51.449631179, 1752594051, 332723755, 0, 0, 0, 0, 0, -0.463506, 0.0241988, -0.0659665, -0.883303, 0, 0, 0, 0, 0, 0.00581313, -0.00705384, 0.00134353, -0.01555, 0.00540984, 0.0305319, 0, 0, 0, 0, 45.7422, 101290, 37.4198, -122.057, 0, 0, 0, 0, 0, 0, 0, 0, -3.25561e-19
2025-07-15 08:40:51.469643754, 1752594051, 332723755, 0, 0, 0, 0, 0, -0.463506, 0.0241988, -0.0659665, -0.883303, 0, 0, 0, 0, 0, 0.00581313, -0.00705384, 0.00134353, -0.01555, 0.00540984, 0.0305319, 0, 0, 0, 0, 45.7422, 101290, 37.4198, -122.057, 0, 0, 0, 0, 0, 0, 0, 0, -3.25561e-19
2025-07-15 08:40:51.489648151, 1752594051, 332723755, 0, 0, 0, 0, 0, -0.463589, 0.024205, -0.0659602, -0.88326, 0, 0, 0, 0, 0, 0.00527743, -0.00700653, 0.000756793, -0.0018298, 0.0030569, 0.0111561, 0, 0, 0, 0, 45.7422, 101290, 37.4198, -122.057, 0, 0, 0, 0, 0, 0, 0, 0, -3.25561e-19
2025-07-15 08:40:51.509642058, 1752594051, 332723755, 0, 0, 0, 0, 0, -0.463589, 0.024205, -0.0659602, -0.88326, 0, 0, 0, 0, 0, 0.00527743, -0.00700653, 0.000756793, -0.0018298, 0.0030569, 0.0111561, 0, 0, 0, 0, 45.7422, 101290, 37.4198, -122.057, 0, 0, 0, 0, 0, 0, 0, 0, -3.25561e-19
2025-07-15 08:40:51.529679637, 1752594051, 332723755, 0, 0, 0, 0, 0, -0.463589, 0.024205, -0.0659602, -0.88326, 0, 0, 0, 0, 0, 0.00527743, -0.00700653, 0.000756793, -0.0018298, 0.0030569, 0.0111561, 0, 0, 0, 0, 45.7422, 101290, 37.4198, -122.057, 0, 0, 0, 0, 0, 0, 0, 0, -3.25561e-19
2025-07-15 08:40:51.549648622, 1752594051, 534971229, 0, 0, 0, 0, 0, -0.463659, 0.0242266, -0.0659564, -0.883223, 0, 0, 0, 0, 0, 0.00598636, -0.00763685, 0.00108201, -0.00576407, 0.00945455, 0.0191994, 0, 0, 0, 0, 45.7422, 101290, 37.4198, -122.057, 0, 0, 0, 0, 0, 0, 0, 0, -3.25561e-19
2025-07-15 08:40:51.569649209, 1752594051, 534971229, 0, 0, 0, 0, 0, -0.463659, 0.0242266, -0.0659564, -0.883223, 0, 0, 0, 0, 0, 0.00598636, -0.00763685, 0.00108201, -0.00576407, 0.00945455, 0.0191994, 0, 0, 0, 0, 45.7422, 101290, 37.4198, -122.057, 0, 0, 0, 0, 0, 0, 0, 0, -3.25561e-19
2025-07-15 08:40:51.589663995, 1752594051, 534971229, 0, 0, 0, 0, 0, -0.463659, 0.0242266, -0.0659564, -0.883223, 0, 0, 0, 0, 0, 0.00598636, -0.00763685, 0.00108201, -0.00576407, 0.00945455, 0.0191994, 0, 0, 0, 0, 45.7422, 101290, 37.4198, -122.057, 0, 0, 0, 0, 0, 0, 0, 0, -3.25561e-19
2025-07-15 08:40:51.609661050, 1752594051, 534971229, 0, 0, 0, 0, 0, -0.463741, 0.0242298, -0.065946, -0.883181, 0, 0, 0, 0, 0, 0.00603143, -0.00715032, 0.000785477, -0.00702076, 0.0142976, 0.0251751, 0, 0, 0, 0, 45.7422, 101290, 37.4198, -122.057, 0, 0, 0, 0, 0, 0, 0, 0, -3.25561e-19
2025-07-15 08:40:51.629616158, 1752594051, 534971229, 0, 0, 0, 0, 0, -0.463741, 0.0242298, -0.065946, -0.883181, 0, 0, 0, 0, 0, 0.00603143, -0.00715032, 0.000785477, -0.00702076, 0.0142976, 0.0251751, 0, 0, 0, 0, 45.7422, 101290, 37.4198, -122.057, 0, 0, 0, 0, 0, 0, 0, 0, -3.25561e-19
2025-07-15 08:40:51.649689103, 1752594051, 534971229, 0, 0, 0, 0, 0, -0.463741, 0.0242298, -0.065946, -0.883181, 0, 0, 0, 0, 0, 0.00603143, -0.00715032, 0.000785477, -0.00702076, 0.0142976, 0.0251751, 0, 0, 0, 0, 45.7422, 101290, 37.4198, -122.057, 0, 0, 0, 0, 0, 0, 0, 0, -3.25561e-19
2025-07-15 08:40:51.669667144, 1752594051, 534971229, 0, 0, 0, 0, 0, -0.463741, 0.0242298, -0.065946, -0.883181, 0, 0, 0, 0, 0, 0.00603143, -0.00715032, 0.000785477, -0.00702076, 0.0142976, 0.0251751, 0, 0, 0, 0, 45.7422, 101290, 37.4198, -122.057, 0, 0, 0, 0, 0, 0, 0, 0, -3.25561e-19
2025-07-15 08:40:51.689636670, 1752594051, 534971229, 0, 0, 0, 0, 0, -0.463845, 0.0242483, -0.0659486, -0.883126, 0, 0, 0, 0, 0, 0.00621211, -0.00673942, 0.000764616, -0.0132749, 0.00407521, 0.018528, 0, 0, 0, 0, 45.7422, 101290, 37.4198, -122.057, 0, 0, 0, 0, 0, 0, 0, 0, -3.25561e-19
2025-07-15 08:40:51.709630983, 1752594051, 534971229, 0, 0, 0, 0, 0, -0.463845, 0.0242483, -0.0659486, -0.883126, 0, 0, 0, 0, 0, 0.00621211, -0.00673942, 0.000764616, -0.0132749, 0.00407521, 0.018528, 0, 0, 0, 0, 45.7422, 101290, 37.4198, -122.057, 0, 0, 0, 0, 0, 0, 0, 0, -3.25561e-19
2025-07-15 08:40:51.729631100, 1752594051, 534971229, 0, 0, 0, 0, 0, -0.463845, 0.0242483, -0.0659486, -0.883126, 0, 0, 0, 0, 0, 0.00621211, -0.00673942, 0.000764616, -0.0132749, 0.00407521, 0.018528, 0, 0, 0, 0, 45.7422, 101290, 37.4198, -122.057, 0, 0, 0, 0, 0, 0, 0, 0, -3.25561e-19
2025-07-15 08:40:51.749682154, 1752594051, 534971229, 0, 0, 0, 0, 0, -0.463845, 0.0242483, -0.0659486, -0.883126, 0, 0, 0, 0, 0, 0.00621211, -0.00673942, 0.000764616, -0.0132749, 0.00407521, 0.018528, 0, 0, 0, 0, 45.7422, 101290, 37.4198, -122.057, 0, 0, 0, 0, 0, 0, 0, 0, -3.25561e-19
2025-07-15 08:40:51.769585036, 1752594051, 534971229, 0, 0, 0, 0, 0, -0.463945, 0.0242552, -0.0659459, -0.883073, 0, 0, 0, 0, 0, 0.00589822, -0.00693319, 0.000805886, 0.000633189, 0.0104672, 0.0223169, 0, 0, 0, 0, 45.7422, 101290, 37.4198, -122.057, 0, 0, 0, 0, 0, 0, 0, 0, -3.25561e-19
2025-07-15 08:40:51.789647853, 1752594051, 534971229, 0, 0, 0, 0, 0, -0.463945, 0.0242552, -0.0659459, -0.883073, 0, 0, 0, 0, 0, 0.00589822, -0.00693319, 0.000805886, 0.000633189, 0.0104672, 0.0223169, 0, 0, 0, 0, 45.7422, 101290, 37.4198, -122.057, 0, 0, 0, 0, 0, 0, 0, 0, -3.25561e-19
2025-07-15 08:40:51.809599443, 1752594051, 798264738, 0, 0, 0, 0, 0, -0.463992, 0.0242584, -0.0659539, -0.883048, 0, 0, 0, 0, 0, 0.00607427, -0.00744462, 0.00147503, 0.00732796, 0.00416657, 0.0283966, 0, 0, 0, 0, 45.7422, 101290, 37.4198, -122.057, 0, 0, 0, 0, 0, 0, 0, 0, -3.25561e-19
2025-07-15 08:40:51.829720975, 1752594051, 798264738, 0, 0, 0, 0, 0, -0.463992, 0.0242584, -0.0659539, -0.883048, 0, 0, 0, 0, 0, 0.00607427, -0.00744462, 0.00147503, 0.00732796, 0.00416657, 0.0283966, 0, 0, 0, 0, 45.7422, 101290, 37.4198, -122.057, 0, 0, 0, 0, 0, 0, 0, 0, -3.25561e-19
2025-07-15 08:40:51.849681410, 1752594051, 798264738, 0, 0, 0, 0, 0, -0.463992, 0.0242584, -0.0659539, -0.883048, 0, 0, 0, 0, 0, 0.00607427, -0.00744462, 0.00147503, 0.00732796, 0.00416657, 0.0283966, 0, 0, 0, 0, 45.7422, 101290, 37.4198, -122.057, 0, 0, 0, 0, 0, 0, 0, 0, -3.25561e-19
2025-07-15 08:40:51.869671569, 1752594051, 798264738, 0, 0, 0, 0, 0, -0.463992, 0.0242584, -0.0659539, -0.883048, 0, 0, 0, 0, 0, 0.00607427, -0.00744462, 0.00147503, 0.00732796, 0.00416657, 0.0283966, 0, 0, 0, 0, 45.7422, 101290, 37.4198, -122.057, 0, 0, 0, 0, 0, 0, 0, 0, -3.25561e-19
2025-07-15 08:40:51.889639521, 1752594051, 798264738, 0, 0, 0, 0, 0, -0.464104, 0.0242752, -0.0659446, -0.882989, 0, 0, 0, 0, 0, 0.00577103, -0.00761002, 0.000999309, -0.011474, 0.00244523, 0.0289497, 0, 0, 0, 0, 45.7422, 101290, 37.4198, -122.057, 0, 0, 0, 0, 0, 0, 0, 0, -3.25561e-19
2025-07-15 08:40:51.909609233, 1752594051, 798264738, 0, 0, 0, 0, 0, -0.464104, 0.0242752, -0.0659446, -0.882989, 0, 0, 0, 0, 0, 0.00577103, -0.00761002, 0.000999309, -0.011474, 0.00244523, 0.0289497, 0, 0, 0, 0, 45.7422, 101290, 37.4198, -122.057, 0, 0, 0, 0, 0, 0, 0, 0, -3.25561e-19
2025-07-15 08:40:51.929630980, 1752594051, 798264738, 0, 0, 0, 0, 0, -0.464104, 0.0242752, -0.0659446, -0.882989, 0, 0, 0, 0, 0, 0.00577103, -0.00761002, 0.000999309, -0.011474, 0.00244523, 0.0289497, 0, 0, 0, 0, 45.7422, 101290, 37.4198, -122.057, 0, 0, 0, 0, 0, 0, 0, 0, -3.25561e-19
2025-07-15 08:40:51.949645615, 1752594051, 798264738, 0, 0, 0, 0, 0, -0.464185, 0.0242809, -0.0659481, -0.882946, 0, 0, 0, 0, 0, 0.00628252, -0.00699721, 0.00118632, -0.00182621, 0.00817596, 0.0157337, 0, 0, 0, 0, 45.7422, 101284, 37.4198, -122.057, 0, 0, 0, 0, 0, 0, 0, 0, -3.25561e-19
2025-07-15 08:40:51.969633062, 1752594051, 798264738, 0, 0, 0, 0, 0, -0.464185, 0.0242809, -0.0659481, -0.882946, 0, 0, 0, 0, 0, 0.00628252, -0.00699721, 0.00118632, -0.00182621, 0.00817596, 0.0157337, 0, 0, 0, 0, 45.7422, 101284, 37.4198, -122.057, 0, 0, 0, 0, 0, 0, 0, 0, -3.25561e-19
2025-07-15 08:40:51.989666922, 1752594051, 798264738, 0, 0, 0, 0, 0, -0.464185, 0.0242809, -0.0659481, -0.882946, 0, 0, 0, 0, 0, 0.00628252, -0.00699721, 0.00118632, -0.00182621, 0.00817596, 0.0157337, 0, 0, 0, 0, 45.7422, 101284, 37.4198, -122.057, 0, 0, 0, 0, 0, 0, 0, 0, -3.25561e-19
2025-07-15 08:40:52.009670492, 1752594051, 798264738, 0, 0, 0, 0, 0, -0.464185, 0.0242809, -0.0659481, -0.882946, 0, 0, 0, 0, 0, 0.00628252, -0.00699721, 0.00118632, -0.00182621, 0.00817596, 0.0157337, 0, 0, 0, 0, 45.7422, 101284, 37.4198, -122.057, 0, 0, 0, 0, 0, 0, 0, 0, -3.25561e-19
2025-07-15 08:40:52.029637262, 1752594051, 798264738, 0, 0, 0, 0, 0, -0.464292, 0.0242944, -0.0659464, -0.88289, 0, 0, 0, 0, 0, 0.00639167, -0.00711009, 0.000795536, -0.00302439, 0.0117457, 0.029707, 0, 0, 0, 0, 45.7422, 101284, 37.4198, -122.057, 0, 0, 0, 0, 0, 0, 0, 0, -3.25561e-19
2025-07-15 08:40:52.049631565, 1752594051, 798264738, 0, 0, 0, 0, 0, -0.464292, 0.0242944, -0.0659464, -0.88289, 0, 0, 0, 0, 0, 0.00639167, -0.00711009, 0.000795536, -0.00302439, 0.0117457, 0.029707, 0, 0, 0, 0, 45.7422, 101284, 37.4198, -122.057, 0, 0, 0, 0, 0, 0, 0, 0, -3.25561e-19
2025-07-15 08:40:52.069636824, 1752594052, 57281225, 0, 0, 0, 0, 0, -0.464339, 0.024294, -0.0659473, -0.882865, 0, 0, 0, 0, 0, 0.00567584, -0.00757462, 0.00150207, -7.51968e-06, 0.0161509, 0.022294, 0, 0, 0, 0, 45.7422, 101284, 37.4198, -122.057, 0, 0, 0, 0, 0, 0, 0, 0, -3.25561e-19
2025-07-15 08:40:52.089673916, 1752594052, 57281225, 0, 0, 0, 0, 0, -0.464339, 0.024294, -0.0659473, -0.882865, 0, 0, 0, 0, 0, 0.00567584, -0.00757462, 0.00150207, -7.51968e-06, 0.0161509, 0.022294, 0, 0, 0, 0, 45.7422, 101284, 37.4198, -122.057, 0, 0, 0, 0, 0, 0, 0, 0, -3.25561e-19
2025-07-15 08:40:52.109667638, 1752594052, 57281225, 0, 0, 0, 0, 0, -0.464339, 0.024294, -0.0659473, -0.882865, 0, 0, 0, 0, 0, 0.00567584, -0.00757462, 0.00150207, -7.51968e-06, 0.0161509, 0.022294, 0, 0, 0, 0, 45.7422, 101284, 37.4198, -122.057, 0, 0, 0, 0, 0, 0, 0, 0, -3.25561e-19
2025-07-15 08:40:52.129669524, 1752594052, 57281225, 0, 0, 0, 0, 0, -0.464339, 0.024294, -0.0659473, -0.882865, 0, 0, 0, 0, 0, 0.00567584, -0.00757462, 0.00150207, -7.51968e-06, 0.0161509, 0.022294, 0, 0, 0, 0, 45.7422, 101284, 37.4198, -122.057, 0, 0, 0, 0, 0, 0, 0, 0, -3.25561e-19
2025-07-15 08:40:52.149672497, 1752594052, 57281225, 0, 0, 0, 0, 0, -0.464441, 0.0242965, -0.0659411, -0.882812, 0, 0, 0, 0, 0, 0.00613388, -0.00686348, 0.000661425, -0.00757357, 0.00753622, 0.0180397, 0, 0, 0, 0, 45.7422, 101284, 37.4198, -122.057, 0, 0, 0, 0, 0, 0, 0, 0, -3.25561e-19
2025-07-15 08:40:52.169668610, 1752594052, 57281225, 0, 0, 0, 0, 0, -0.464441, 0.0242965, -0.0659411, -0.882812, 0, 0, 0, 0, 0, 0.00613388, -0.00686348, 0.000661425, -0.00757357, 0.00753622, 0.0180397, 0, 0, 0, 0, 45.7422, 101284, 37.4198, -122.057, 0, 0, 0, 0, 0, 0, 0, 0, -3.25561e-19
2025-07-15 08:40:52.189637760, 1752594052, 57281225, 0, 0, 0, 0, 0, -0.464441, 0.0242965, -0.0659411, -0.882812, 0, 0, 0, 0, 0, 0.00613388, -0.00686348, 0.000661425, -0.00757357, 0.00753622, 0.0180397, 0, 0, 0, 0, 45.7422, 101284, 37.4198, -122.057, 0, 0, 0, 0, 0, 0, 0, 0, -3.25561e-19
2025-07-15 08:40:52.209573763, 1752594052, 57281225, 0, 0, 0, 0, 0, -0.464522, 0.0242978, -0.0659402, -0.882769, 0, 0, 0, 0, 0, 0.00544135, -0.00774153, 0.00097882, -0.00999083, 0.00496074, 0.0296202, 0, 0, 0, 0, 45.7422, 101284, 37.4198, -122.057, 0, 0, 0, 0, 0, 0, 0, 0, -3.25561e-19
2025-07-15 08:40:52.229606791, 1752594052, 57281225, 0, 0, 0, 0, 0, -0.464546, 0.0243045, -0.0659363, -0.882757, 0, 0, 0, 0, 0, 0.00585057, -0.00729039, 0.00132881, -0.00781653, 0.00549597, 0.0173702, 0, 0, 0, 0, 45.7422, 101284, 37.4198, -122.057, 0, 0, 0, 0, 0, 0, 0, 0, -3.25561e-19
2025-07-15 08:40:52.249670129, 1752594052, 57281225, 0, 0, 0, 0, 0, -0.464546, 0.0243045, -0.0659363, -0.882757, 0, 0, 0, 0, 0, 0.00585057, -0.00729039, 0.00132881, -0.00781653, 0.00549597, 0.0173702, 0, 0, 0, 0, 45.7422, 101284, 37.4198, -122.057, 0, 0, 0, 0, 0, 0, 0, 0, -3.25561e-19
2025-07-15 08:40:52.269634849, 1752594052, 57281225, 0, 0, 0, 0, 0, -0.464546, 0.0243045, -0.0659363, -0.882757, 0, 0, 0, 0, 0, 0.00585057, -0.00729039, 0.00132881, -0.00781653, 0.00549597, 0.0173702, 0, 0, 0, 0, 45.7422, 101284, 37.4198, -122.057, 0, 0, 0, 0, 0, 0, 0, 0, -3.25561e-19
2025-07-15 08:40:52.289675324, 1752594052, 57281225, 0, 0, 0, 0, 0, -0.46462, 0.024307, -0.065942, -0.882717, 0, 0, 0, 0, 0, 0.00597108, -0.00752434, 0.0011852, -0.0102858, 0.0130518, 0.0311937, 0, 0, 0, 0, 45.7422, 101284, 37.4198, -122.057, 0, 0, 0, 0, 0, 0, 0, 0, -3.25561e-19
2025-07-15 08:40:52.309630121, 1752594052, 57281225, 0, 0, 0, 0, 0, -0.46462, 0.024307, -0.065942, -0.882717, 0, 0, 0, 0, 0, 0.00597108, -0.00752434, 0.0011852, -0.0102858, 0.0130518, 0.0311937, 0, 0, 0, 0, 45.7422, 101284, 37.4198, -122.057, 0, 0, 0, 0, 0, 0, 0, 0, -3.25561e-19
2025-07-15 08:40:52.329685430, 1752594052, 57281225, 0, 0, 0, 0, 0, -0.46462, 0.024307, -0.065942, -0.882717, 0, 0, 0, 0, 0, 0.00597108, -0.00752434, 0.0011852, -0.0102858, 0.0130518, 0.0311937, 0, 0, 0, 0, 45.7422, 101284, 37.4198, -122.057, 0, 0, 0, 0, 0, 0, 0, 0, -3.25561e-19
2025-07-15 08:40:52.349666914, 1752594052, 331200902, 0, 0, 0, 0, 0, -0.464689, 0.0243102, -0.0659361, -0.882681, 0, 0, 0, 0, 0, 0.00584256, -0.00722855, 0.00106115, -0.0125673, 0.0116125, 0.0266275, 0, 0, 0, 0, 45.7422, 101284, 37.4198, -122.057, 0, 0, 0, 0, 0, 0, 0, 0, -3.25561e-19
2025-07-15 08:40:52.369634611, 1752594052, 331200902, 0, 0, 0, 0, 0, -0.464689, 0.0243102, -0.0659361, -0.882681, 0, 0, 0, 0, 0, 0.00584256, -0.00722855, 0.00106115, -0.0125673, 0.0116125, 0.0266275, 0, 0, 0, 0, 45.7422, 101284, 37.4198, -122.057, 0, 0, 0, 0, 0, 0, 0, 0, -3.25561e-19
2025-07-15 08:40:52.389661886, 1752594052, 331200902, 0, 0, 0, 0, 0, -0.464689, 0.0243102, -0.0659361, -0.882681, 0, 0, 0, 0, 0, 0.00584256, -0.00722855, 0.00106115, -0.0125673, 0.0116125, 0.0266275, 0, 0, 0, 0, 45.7422, 101284, 37.4198, -122.057, 0, 0, 0, 0, 0, 0, 0, 0, -3.25561e-19
2025-07-15 08:40:52.409662283, 1752594052, 331200902, 0, 0, 0, 0, 0, -0.464771, 0.0243178, -0.0659361, -0.882637, 0, 0, 0, 0, 0, 0.00590254, -0.00720844, 0.00102278, -0.00845382, 0.00454015, 0.034831, 0, 0, 0, 0, 45.7422, 101284, 37.4198, -122.057, 0, 0, 0, 0, 0, 0, 0, 0, -3.25561e-19
2025-07-15 08:40:52.429667877, 1752594052, 331200902, 0, 0, 0, 0, 0, -0.464771, 0.0243178, -0.0659361, -0.882637, 0, 0, 0, 0, 0, 0.00590254, -0.00720844, 0.00102278, -0.00845382, 0.00454015, 0.034831, 0, 0, 0, 0, 45.7422, 101284, 37.4198, -122.057, 0, 0, 0, 0, 0, 0, 0, 0, -3.25561e-19
2025-07-15 08:40:52.449667012, 1752594052, 331200902, 0, 0, 0, 0, 0, -0.464771, 0.0243178, -0.0659361, -0.882637, 0, 0, 0, 0, 0, 0.00590254, -0.00720844, 0.00102278, -0.00845382, 0.00454015, 0.034831, 0, 0, 0, 0, 45.7422, 101284, 37.4198, -122.057, 0, 0, 0, 0, 0, 0, 0, 0, -3.25561e-19
2025-07-15 08:40:52.469667715, 1752594052, 331200902, 0, 0, 0, 0, 0, -0.464771, 0.0243178, -0.0659361, -0.882637, 0, 0, 0, 0, 0, 0.00590254, -0.00720844, 0.00102278, -0.00845382, 0.00454015, 0.034831, 0, 0, 0, 0, 45.7422, 101284, 37.4198, -122.057, 0, 0, 0, 0, 0, 0, 0, 0, -3.25561e-19
2025-07-15 08:40:52.489664805, 1752594052, 331200902, 0, 0, 0, 0, 0, -0.464873, 0.0243219, -0.0659362, -0.882584, 0, 0, 0, 0, 0, 0.00560917, -0.00704457, 0.00129236, -0.0104371, 0.00326035, 0.0281248, 0, 0, 0, 0, 45.7422, 101284, 37.4198, -122.057, 0, 0, 0, 0, 0, 0, 0, 0, -3.25561e-19
2025-07-15 08:40:52.509668435, 1752594052, 331200902, 0, 0, 0, 0, 0, -0.464873, 0.0243219, -0.0659362, -0.882584, 0, 0, 0, 0, 0, 0.00560917, -0.00704457, 0.00129236, -0.0104371, 0.00326035, 0.0281248, 0, 0, 0, 0, 45.7422, 101284, 37.4198, -122.057, 0, 0, 0, 0, 0, 0, 0, 0, -3.25561e-19
2025-07-15 08:40:52.529641544, 1752594052, 331200902, 0, 0, 0, 0, 0, -0.464873, 0.0243219, -0.0659362, -0.882584, 0, 0, 0, 0, 0, 0.00560917, -0.00704457, 0.00129236, -0.0104371, 0.00326035, 0.0281248, 0, 0, 0, 0, 45.7422, 101284, 37.4198, -122.057, 0, 0, 0, 0, 0, 0, 0, 0, -3.25561e-19
2025-07-15 08:40:52.549665857, 1752594052, 533482268, 0, 0, 0, 0, 0, -0.464944, 0.024332, -0.0659339, -0.882546, 0, 0, 0, 0, 0, 0.00586119, -0.007632, 0.000979565, -0.00383274, 0.00838954, 0.0292997, 0, 0, 0, 0, 45.7422, 101284, 37.4198, -122.057, 0, 0, 0, 0, 0, 0, 0, 0, -3.25561e-19
2025-07-15 08:40:52.569636546, 1752594052, 533482268, 0, 0, 0, 0, 0, -0.464944, 0.024332, -0.0659339, -0.882546, 0, 0, 0, 0, 0, 0.00586119, -0.007632, 0.000979565, -0.00383274, 0.00838954, 0.0292997, 0, 0, 0, 0, 45.7422, 101284, 37.4198, -122.057, 0, 0, 0, 0, 0, 0, 0, 0, -3.25561e-19
2025-07-15 08:40:52.589596505, 1752594052, 533482268, 0, 0, 0, 0, 0, -0.464944, 0.024332, -0.0659339, -0.882546, 0, 0, 0, 0, 0, 0.00586119, -0.007632, 0.000979565, -0.00383274, 0.00838954, 0.0292997, 0, 0, 0, 0, 45.7422, 101284, 37.4198, -122.057, 0, 0, 0, 0, 0, 0, 0, 0, -3.25561e-19
2025-07-15 08:40:52.609667836, 1752594052, 533482268, 0, 0, 0, 0, 0, -0.465017, 0.0243296, -0.0659307, -0.882508, 0, 0, 0, 0, 0, 0.00586193, -0.00699945, 0.00130404, -0.00587348, 0.0081978, 0.0223312, 0, 0, 0, 0, 45.7422, 101284, 37.4198, -122.057, 0, 0, 0, 0, 0, 0, 0, 0, -3.25561e-19
2025-07-15 08:40:52.629670278, 1752594052, 533482268, 0, 0, 0, 0, 0, -0.465017, 0.0243296, -0.0659307, -0.882508, 0, 0, 0, 0, 0, 0.00586193, -0.00699945, 0.00130404, -0.00587348, 0.0081978, 0.0223312, 0, 0, 0, 0, 45.7422, 101284, 37.4198, -122.057, 0, 0, 0, 0, 0, 0, 0, 0, -3.25561e-19
2025-07-15 08:40:52.649662752, 1752594052, 533482268, 0, 0, 0, 0, 0, -0.465017, 0.0243296, -0.0659307, -0.882508, 0, 0, 0, 0, 0, 0.00586193, -0.00699945, 0.00130404, -0.00587348, 0.0081978, 0.0223312, 0, 0, 0, 0, 45.7422, 101284, 37.4198, -122.057, 0, 0, 0, 0, 0, 0, 0, 0, -3.25561e-19
2025-07-15 08:40:52.669662969, 1752594052, 533482268, 0, 0, 0, 0, 0, -0.465017, 0.0243296, -0.0659307, -0.882508, 0, 0, 0, 0, 0, 0.00586193, -0.00699945, 0.00130404, -0.00587348, 0.0081978, 0.0223312, 0, 0, 0, 0, 45.7422, 101284, 37.4198, -122.057, 0, 0, 0, 0, 0, 0, 0, 0, -3.25561e-19
2025-07-15 08:40:52.689693371, 1752594052, 533482268, 0, 0, 0, 0, 0, -0.465115, 0.0243324, -0.0659387, -0.882456, 0, 0, 0, 0, 0, 0.00438187, -0.00680685, 0.00127535, -0.0110075, 0.00300556, 0.0122185, 0, 0, 0, 0, 45.7422, 101284, 37.4198, -122.057, 0, 0, 0, 0, 0, 0, 0, 0, -3.25561e-19
2025-07-15 08:40:52.709666676, 1752594052, 533482268, 0, 0, 0, 0, 0, -0.465115, 0.0243324, -0.0659387, -0.882456, 0, 0, 0, 0, 0, 0.00438187, -0.00680685, 0.00127535, -0.0110075, 0.00300556, 0.0122185, 0, 0, 0, 0, 45.7422, 101284, 37.4198, -122.057, 0, 0, 0, 0, 0, 0, 0, 0, -3.25561e-19
